Image,Score
image(0001).png,0
image(0002).png,0
image(0003).png,0
image(0004).png,0
image(0005).png,0
image(0006).png,0
image(0007).png,0
image(0008).png,0
image(0009).png,0
image(0010).png,0
image(0011).png,0
image(0012).png,0
image(0013).png,0
image(0014).png,0
image(0015).png,0
image(0016).png,0
image(0017).png,0
image(0018).png,0
image(0019).png,0
image(0020).png,0
image(0021).png,0
image(0022).png,0
image(0023).png,0
image(0024).png,0
image(0025).png,0
image(0026).png,0
image(0027).png,0
image(0028).png,0
image(0029).png,0
image(0030).png,0
image(0031).png,0
image(0032).png,0
image(0033).png,0
image(0034).png,0
image(0035).png,0
image(0036).png,0
image(0037).png,0
image(0038).png,0
image(0039).png,0
image(0040).png,0
image(0041).png,0
image(0042).png,0
image(0043).png,0
image(0044).png,0
image(0045).png,0
image(0046).png,0
image(0047).png,0
image(0048).png,0
image(0049).png,0
image(0050).png,0
image(0051).png,0
image(0052).png,0
image(0053).png,0
image(0054).png,0
image(0055).png,0
image(0056).png,0
image(0057).png,0
image(0058).png,0
image(0059).png,0
image(0060).png,0
image(0061).png,0
image(0062).png,0
image(0063).png,0
image(0064).png,0
image(0065).png,0
image(0066).png,0
image(0067).png,0
image(0068).png,0
image(0069).png,0
image(0070).png,0
image(0071).png,0
image(0072).png,0
image(0073).png,0
image(0074).png,0
image(0075).png,0
image(0076).png,0
image(0077).png,0
image(0078).png,0
image(0079).png,0
image(0080).png,0
image(0081).png,0
image(0082).png,0
image(0083).png,0
image(0084).png,0
image(0085).png,0
image(0086).png,0
image(0087).png,0
image(0088).png,0
image(0089).png,0
image(0090).png,0
image(0091).png,0
image(0092).png,0
image(0093).png,0
image(0094).png,0
image(0095).png,0
image(0096).png,0
image(0097).png,0
image(0098).png,0
image(0099).png,0
image(0100).png,0
image(0101).png,0
image(0102).png,0
image(0103).png,0
image(0104).png,0
image(0105).png,0
image(0106).png,0
image(0107).png,0
image(0108).png,0
image(0109).png,0
image(0110).png,0
image(0111).png,0
image(0112).png,0
image(0113).png,0
image(0114).png,0
image(0115).png,0
image(0116).png,0
image(0117).png,0
image(0118).png,0
image(0119).png,0
image(0120).png,0
image(0121).png,0
image(0122).png,0
image(0123).png,0
image(0124).png,0
image(0125).png,0
image(0126).png,0
image(0127).png,0
image(0128).png,0
image(0129).png,0
image(0130).png,0
image(0131).png,0
image(0132).png,0
image(0133).png,0
image(0134).png,0
image(0135).png,0
image(0136).png,0
image(0137).png,0
image(0138).png,0
image(0139).png,0
image(0140).png,0
image(0141).png,0
image(0142).png,0
image(0143).png,0
image(0144).png,0
image(0145).png,0
image(0146).png,0
image(0147).png,0
image(0148).png,0
image(0149).png,0
image(0150).png,0
image(0151).png,0
image(0152).png,0
image(0153).png,0
image(0154).png,0
image(0155).png,0
image(0156).png,0
image(0157).png,0
image(0158).png,0
image(0159).png,0
image(0160).png,0
image(0161).png,0
image(0162).png,0
image(0163).png,0
image(0164).png,0
image(0165).png,0
image(0166).png,0
image(0167).png,0
image(0168).png,0
image(0169).png,0
image(0170).png,0
image(0171).png,0
image(0172).png,0
image(0173).png,0
image(0174).png,0
image(0175).png,0
image(0176).png,0
image(0177).png,0
image(0178).png,0
image(0179).png,0
image(0180).png,0
image(0181).png,0
image(0182).png,0
image(0183).png,0
image(0184).png,0
image(0185).png,0
image(0186).png,0
image(0187).png,0
image(0188).png,0
image(0189).png,0
image(0190).png,0
image(0191).png,0
image(0192).png,0
image(0193).png,0
image(0194).png,0
image(0195).png,0
image(0196).png,0
image(0197).png,0
image(0198).png,0
image(0199).png,0
image(0200).png,0
image(0201).png,0
image(0202).png,0
image(0203).png,0
image(0204).png,0
image(0205).png,0
image(0206).png,0
image(0207).png,0
image(0208).png,0
image(0209).png,0
image(0210).png,0
image(0211).png,0
image(0212).png,0
image(0213).png,0
image(0214).png,0
image(0215).png,0
image(0216).png,0
image(0217).png,0
image(0218).png,0
image(0219).png,0
image(0220).png,0
image(0221).png,0
image(0222).png,0
image(0223).png,0
image(0224).png,0
image(0225).png,0
image(0226).png,0
image(0227).png,0
image(0228).png,0
image(0229).png,0
image(0230).png,0
image(0231).png,0
image(0232).png,0
image(0233).png,0
image(0234).png,0
image(0235).png,0
image(0236).png,0
image(0237).png,0
image(0238).png,0
image(0239).png,0
image(0240).png,0
image(0241).png,0
image(0242).png,0
image(0243).png,0
image(0244).png,0
image(0245).png,0
image(0246).png,0
image(0247).png,0
image(0248).png,0
image(0249).png,0
image(0250).png,0
image(0251).png,0
image(0252).png,0
image(0253).png,0
image(0254).png,0
image(0255).png,0
image(0256).png,0
image(0257).png,0
image(0258).png,0
image(0259).png,0
image(0260).png,0
image(0261).png,0
image(0262).png,0
image(0263).png,0
image(0264).png,0
image(0265).png,0
image(0266).png,0
image(0267).png,0
image(0268).png,0
image(0269).png,0
image(0270).png,0
image(0271).png,0
image(0272).png,0
image(0273).png,0
image(0274).png,0
image(0275).png,0
image(0276).png,0
image(0277).png,0
image(0278).png,0
image(0279).png,0
image(0280).png,0
image(0281).png,0
image(0282).png,0
image(0283).png,0
image(0284).png,0
image(0285).png,0
image(0286).png,0
image(0287).png,0
image(0288).png,0
image(0289).png,0
image(0290).png,0
image(0291).png,0
image(0292).png,0
image(0293).png,0
image(0294).png,0
image(0295).png,0
image(0296).png,0
image(0297).png,0
image(0298).png,0
image(0299).png,0
image(0300).png,0
image(0301).png,0
image(0302).png,0
image(0303).png,0
image(0304).png,0
image(0305).png,0
image(0306).png,0
image(0307).png,0
image(0308).png,0
image(0309).png,0
image(0310).png,0
image(0311).png,0
image(0312).png,0
image(0313).png,0
image(0314).png,0
image(0315).png,0
image(0316).png,0
image(0317).png,0
image(0318).png,0
image(0319).png,0
image(0320).png,0
image(0321).png,0
image(0322).png,0
image(0323).png,0
image(0324).png,0
image(0325).png,0
image(0326).png,0
image(0327).png,0
image(0328).png,0
image(0329).png,0
image(0330).png,0
image(0331).png,0
image(0332).png,0
image(0333).png,0
image(0334).png,0
image(0335).png,0
image(0336).png,0
image(0337).png,0
image(0338).png,0
image(0339).png,0
image(0340).png,0
image(0341).png,0
image(0342).png,0
image(0343).png,0
image(0344).png,0
image(0345).png,0
image(0346).png,0
image(0347).png,0
image(0348).png,0
image(0349).png,0
image(0350).png,0
image(0351).png,0
image(0352).png,0
image(0353).png,0
image(0354).png,0
image(0355).png,0
image(0356).png,0
image(0357).png,0
image(0358).png,0
image(0359).png,0
image(0360).png,0
image(0361).png,0
image(0362).png,0
image(0363).png,0
image(0364).png,0
image(0365).png,0
image(0366).png,0
image(0367).png,0
image(0368).png,0
image(0369).png,0
image(0370).png,0
image(0371).png,0
image(0372).png,0
image(0373).png,0
image(0374).png,0
image(0375).png,0
image(0376).png,0
image(0377).png,0
image(0378).png,0
image(0379).png,0
image(0380).png,0
image(0381).png,0
image(0382).png,0
image(0383).png,0
image(0384).png,0
image(0385).png,0
image(0386).png,0
image(0387).png,0
image(0388).png,0
image(0389).png,0
image(0390).png,0
image(0391).png,0
image(0392).png,0
image(0393).png,0
image(0394).png,0
image(0395).png,0
image(0396).png,0
image(0397).png,0
image(0398).png,0
image(0399).png,0
image(0400).png,0
image(0401).png,0
image(0402).png,0
image(0403).png,0
image(0404).png,0
image(0405).png,0
image(0406).png,0
image(0407).png,0
image(0408).png,0
image(0409).png,0
image(0410).png,0
image(0411).png,0
image(0412).png,0
image(0413).png,0
image(0414).png,0
image(0415).png,0
image(0416).png,0
image(0417).png,0
image(0418).png,0
image(0419).png,0
image(0420).png,0
image(0421).png,0
image(0422).png,0
image(0423).png,0
image(0424).png,0
image(0425).png,0
image(0426).png,0
image(0427).png,0
image(0428).png,0
image(0429).png,0
image(0430).png,0
image(0431).png,0
image(0432).png,0
image(0433).png,0
image(0434).png,0
image(0435).png,0
image(0436).png,0
image(0437).png,0
image(0438).png,0
image(0439).png,0
image(0440).png,0
image(0441).png,0
image(0442).png,0
image(0443).png,0
image(0444).png,0
image(0445).png,0
image(0446).png,0
image(0447).png,0
image(0448).png,0
image(0449).png,0
image(0450).png,0
image(0451).png,0
image(0452).png,0
image(0453).png,0
image(0454).png,0
image(0455).png,0
image(0456).png,0
image(0457).png,0
image(0458).png,0
image(0459).png,0
image(0460).png,0
image(0461).png,0
image(0462).png,0
image(0463).png,0
image(0464).png,0
image(0465).png,0
image(0466).png,0
image(0467).png,0
image(0468).png,0
image(0469).png,0
image(0470).png,0
image(0471).png,0
image(0472).png,0
image(0473).png,0
image(0474).png,0
image(0475).png,0
image(0476).png,0
image(0477).png,0
image(0478).png,0
image(0479).png,0
image(0480).png,0
image(0481).png,0
image(0482).png,0
image(0483).png,0
image(0484).png,0
image(0485).png,0
image(0486).png,0
image(0487).png,0
image(0488).png,0
image(0489).png,0
image(0490).png,0
image(0491).png,0
image(0492).png,0
image(0493).png,0
image(0494).png,0
image(0495).png,0
image(0496).png,0
image(0497).png,0
image(0498).png,0
image(0499).png,0
image(0500).png,0
image(0501).png,0
image(0502).png,0
image(0503).png,0
image(0504).png,0
image(0505).png,0
image(0506).png,0
image(0507).png,0
image(0508).png,0
image(0509).png,0
image(0510).png,0
image(0511).png,0
image(0512).png,0
image(0513).png,0
image(0514).png,0
image(0515).png,0
image(0516).png,0
image(0517).png,0
image(0518).png,0
image(0519).png,0
image(0520).png,0
image(0521).png,0
image(0522).png,0
image(0523).png,0
image(0524).png,0
image(0525).png,0
image(0526).png,0
image(0527).png,0
image(0528).png,0
image(0529).png,0
image(0530).png,0
image(0531).png,0
image(0532).png,0
image(0533).png,0
image(0534).png,0
image(0535).png,0
image(0536).png,0
image(0537).png,0
image(0538).png,0
image(0539).png,0
image(0540).png,0
image(0541).png,0
image(0542).png,0
image(0543).png,0
image(0544).png,0
image(0545).png,0
image(0546).png,0
image(0547).png,0
image(0548).png,0
image(0549).png,0
image(0550).png,0
image(0551).png,0
image(0552).png,0
image(0553).png,0
image(0554).png,0
image(0555).png,0
image(0556).png,0
image(0557).png,0
image(0558).png,0
image(0559).png,0
image(0560).png,0
image(0561).png,0
image(0562).png,0
image(0563).png,0
image(0564).png,0
image(0565).png,0
image(0566).png,0
image(0567).png,0
image(0568).png,0
image(0569).png,0
image(0570).png,0
image(0571).png,0
image(0572).png,0
image(0573).png,0
image(0574).png,0
image(0575).png,0
image(0576).png,0
image(0577).png,0
image(0578).png,0
image(0579).png,0
image(0580).png,0
image(0581).png,0
image(0582).png,0
image(0583).png,0
image(0584).png,0
image(0585).png,0
image(0586).png,0
image(0587).png,0
image(0588).png,0
image(0589).png,0
image(0590).png,0
image(0591).png,0
image(0592).png,0
image(0593).png,0
image(0594).png,0
image(0595).png,0
image(0596).png,0
image(0597).png,0
image(0598).png,0
image(0599).png,0
image(0600).png,0
image(0601).png,0
image(0602).png,0
image(0603).png,0
image(0604).png,0
image(0605).png,0
image(0606).png,0
image(0607).png,0
image(0608).png,0
image(0609).png,0
image(0610).png,0
image(0611).png,0
image(0612).png,0
image(0613).png,0
image(0614).png,0
image(0615).png,0
image(0616).png,0
image(0617).png,0
image(0618).png,0
image(0619).png,0
image(0620).png,0
image(0621).png,0
image(0622).png,0
image(0623).png,0
image(0624).png,0
image(0625).png,0
image(0626).png,0
image(0627).png,0
image(0628).png,0
image(0629).png,0
image(0630).png,0
image(0631).png,0
image(0632).png,0
image(0633).png,0
image(0634).png,0
image(0635).png,0
image(0636).png,0
image(0637).png,0
image(0638).png,0
image(0639).png,0
image(0640).png,0
image(0641).png,0
image(0642).png,0
image(0643).png,0
image(0644).png,0
image(0645).png,0
image(0646).png,0
image(0647).png,0
image(0648).png,0
image(0649).png,0
image(0650).png,0
image(0651).png,0
image(0652).png,0
image(0653).png,0
image(0654).png,0
image(0655).png,0
image(0656).png,0
image(0657).png,0
image(0658).png,0
image(0659).png,0
image(0660).png,0
image(0661).png,0
image(0662).png,0
image(0663).png,0
image(0664).png,0
image(0665).png,0
image(0666).png,0
image(0667).png,0
image(0668).png,0
image(0669).png,0
image(0670).png,0
image(0671).png,0
image(0672).png,0
image(0673).png,0
image(0674).png,0
image(0675).png,0
image(0676).png,0
image(0677).png,0
image(0678).png,0
image(0679).png,0
image(0680).png,0
image(0681).png,0
image(0682).png,0
image(0683).png,0
image(0684).png,0
image(0685).png,0
image(0686).png,0
image(0687).png,0
image(0688).png,0
image(0689).png,0
image(0690).png,0
image(0691).png,0
image(0692).png,0
image(0693).png,0
image(0694).png,0
image(0695).png,0
image(0696).png,0
image(0697).png,0
image(0698).png,0
image(0699).png,0
image(0700).png,0
image(0701).png,0
image(0702).png,0
image(0703).png,0
image(0704).png,0
image(0705).png,0
image(0706).png,0
image(0707).png,0
image(0708).png,0
image(0709).png,0
image(0710).png,0
image(0711).png,0
image(0712).png,0
image(0713).png,0
image(0714).png,0
image(0715).png,0
image(0716).png,0
image(0717).png,0
image(0718).png,0
image(0719).png,0
image(0720).png,0
image(0721).png,0
image(0722).png,0
image(0723).png,0
image(0724).png,0
image(0725).png,0
image(0726).png,0
image(0727).png,0
image(0728).png,0
image(0729).png,0
image(0730).png,0
image(0731).png,0
image(0732).png,0
image(0733).png,0
image(0734).png,0
image(0735).png,0
image(0736).png,0
image(0737).png,0
image(0738).png,0
image(0739).png,0
image(0740).png,0
image(0741).png,0
image(0742).png,0
image(0743).png,0
image(0744).png,0
image(0745).png,0
image(0746).png,0
image(0747).png,0
image(0748).png,0
image(0749).png,0
image(0750).png,0
image(0751).png,0
image(0752).png,0
image(0753).png,0
image(0754).png,0
image(0755).png,0
image(0756).png,0
image(0757).png,0
image(0758).png,0
image(0759).png,0
image(0760).png,0
image(0761).png,0
image(0762).png,0
image(0763).png,0
image(0764).png,0
image(0765).png,0
image(0766).png,0
image(0767).png,0
image(0768).png,0
image(0769).png,0
image(0770).png,0
image(0771).png,0
image(0772).png,0
image(0773).png,0
image(0774).png,0
image(0775).png,0
image(0776).png,0
image(0777).png,0
image(0778).png,0
image(0779).png,0
image(0780).png,0
image(0781).png,0
image(0782).png,0
image(0783).png,0
image(0784).png,0
image(0785).png,0
image(0786).png,0
image(0787).png,0
image(0788).png,0
image(0789).png,0
image(0790).png,0
image(0791).png,0
image(0792).png,0
image(0793).png,0
image(0794).png,0
image(0795).png,0
image(0796).png,0
image(0797).png,0
image(0798).png,0
image(0799).png,0
image(0800).png,0
image(0801).png,0
image(0802).png,0
image(0803).png,0
image(0804).png,0
image(0805).png,0
image(0806).png,0
image(0807).png,0
image(0808).png,0
image(0809).png,0
image(0810).png,0
image(0811).png,0
image(0812).png,0
image(0813).png,0
image(0814).png,0
image(0815).png,0
image(0816).png,0
image(0817).png,0
image(0818).png,0
image(0819).png,0
image(0820).png,0
image(0821).png,0
image(0822).png,0
image(0823).png,0
image(0824).png,0
image(0825).png,0
image(0826).png,0
image(0827).png,0
image(0828).png,0
image(0829).png,0
image(0830).png,0
image(0831).png,0
image(0832).png,0
image(0833).png,0
image(0834).png,0
image(0835).png,0
image(0836).png,0
image(0837).png,0
image(0838).png,0
image(0839).png,0
image(0840).png,0
image(0841).png,0
image(0842).png,0
image(0843).png,0
image(0844).png,0
image(0845).png,0
image(0846).png,0
image(0847).png,0
image(0848).png,0
image(0849).png,0
image(0850).png,0
image(0851).png,0
image(0852).png,0
image(0853).png,0
image(0854).png,0
image(0855).png,0
image(0856).png,0
image(0857).png,0
image(0858).png,0
image(0859).png,0
image(0860).png,0
image(0861).png,0
image(0862).png,0
image(0863).png,0
image(0864).png,0
image(0865).png,0
image(0866).png,0
image(0867).png,0
image(0868).png,0
image(0869).png,0
image(0870).png,0
image(0871).png,0
image(0872).png,0
image(0873).png,0
image(0874).png,0
image(0875).png,0
image(0876).png,0
image(0877).png,0
image(0878).png,0
image(0879).png,0
image(0880).png,0
image(0881).png,0
image(0882).png,0
image(0883).png,0
image(0884).png,0
image(0885).png,0
image(0886).png,0
image(0887).png,0
image(0888).png,0
image(0889).png,0
image(0890).png,0
image(0891).png,0
image(0892).png,0
image(0893).png,0
image(0894).png,0
image(0895).png,0
image(0896).png,0
image(0897).png,0
image(0898).png,0
image(0899).png,0
image(0900).png,0
image(0901).png,0
image(0902).png,0
image(0903).png,0
image(0904).png,0
image(0905).png,0
image(0906).png,0
image(0907).png,0
image(0908).png,0
image(0909).png,0
image(0910).png,0
image(0911).png,0
image(0912).png,0
image(0913).png,0
image(0914).png,0
image(0915).png,0
image(0916).png,0
image(0917).png,0
image(0918).png,0
image(0919).png,0
image(0920).png,0
image(0921).png,0
image(0922).png,0
image(0923).png,0
image(0924).png,0
image(0925).png,0
image(0926).png,0
image(0927).png,0
image(0928).png,0
image(0929).png,0
image(0930).png,0
image(0931).png,0
image(0932).png,0
image(0933).png,0
image(0934).png,0
image(0935).png,0
image(0936).png,0
image(0937).png,0
image(0938).png,0
image(0939).png,0
image(0940).png,0
image(0941).png,0
image(0942).png,0
image(0943).png,0
image(0944).png,0
image(0945).png,0
image(0946).png,0
image(0947).png,0
image(0948).png,0
image(0949).png,0
image(0950).png,0
image(0951).png,0
image(0952).png,0
image(0953).png,0
image(0954).png,0
image(0955).png,0
image(0956).png,0
image(0957).png,0
image(0958).png,0
image(0959).png,0
image(0960).png,0
image(0961).png,0
image(0962).png,0
image(0963).png,0
image(0964).png,0
image(0965).png,0
image(0966).png,0
image(0967).png,0
image(0968).png,0
image(0969).png,0
image(0970).png,0
image(0971).png,0
image(0972).png,0
image(0973).png,0
image(0974).png,0
image(0975).png,0
image(0976).png,0
image(0977).png,0
image(0978).png,0
image(0979).png,0
image(0980).png,0
image(0981).png,0
image(0982).png,0
image(0983).png,0
image(0984).png,0
image(0985).png,0
image(0986).png,0
image(0987).png,0
image(0988).png,0
image(0989).png,0
image(0990).png,0
image(0991).png,0
image(0992).png,0
image(0993).png,0
image(0994).png,0
image(0995).png,0
image(0996).png,0
image(0997).png,0
image(0998).png,0
image(0999).png,0
image(1000).png,0
image(1001).png,0
image(1002).png,0
image(1003).png,0
image(1004).png,0
image(1005).png,0
image(1006).png,0
image(1007).png,0
image(1008).png,0
image(1009).png,0
image(1010).png,0
image(1011).png,0
image(1012).png,0
image(1013).png,0
image(1014).png,0
image(1015).png,0
image(1016).png,0
image(1017).png,0
image(1018).png,0
image(1019).png,0
image(1020).png,0
image(1021).png,0
image(1022).png,0
image(1023).png,0
image(1024).png,0
image(1025).png,0
image(1026).png,0
image(1027).png,0
image(1028).png,0
image(1029).png,0
image(1030).png,0
image(1031).png,0
image(1032).png,0
image(1033).png,0
image(1034).png,0
image(1035).png,0
image(1036).png,0
image(1037).png,0
image(1038).png,0
image(1039).png,0
image(1040).png,0
image(1041).png,0
image(1042).png,0
image(1043).png,0
image(1044).png,0
image(1045).png,0
image(1046).png,0
image(1047).png,0
image(1048).png,0
image(1049).png,0
image(1050).png,0
image(1051).png,0
image(1052).png,0
image(1053).png,0
image(1054).png,0
image(1055).png,0
image(1056).png,0
image(1057).png,0
image(1058).png,0
image(1059).png,0
image(1060).png,0
image(1061).png,0
image(1062).png,0
image(1063).png,0
image(1064).png,0
image(1065).png,0
image(1066).png,0
image(1067).png,0
image(1068).png,0

